,post_id,text,post_text,shared_text,original_text,time,timestamp,image,image_lowquality,images,images_description,images_lowquality,images_lowquality_description,video,video_duration_seconds,video_height,video_id,video_quality,video_size_MB,video_thumbnail,video_watches,video_width,likes,comments,shares,post_url,link,links,user_id,username,user_url,is_live,factcheck,shared_post_id,shared_time,shared_user_id,shared_username,shared_post_url,available,comments_full,reactors,w3_fb_url,reactions,reaction_count,with,page_id,sharers,was_live,fetched_time
0,759361192893859,"‚ÄúHe was probably right! That would‚Äôve changed possibly the course of the show and his character.‚Äù

NEWS.COM.AU
Matthew Perry demanded controversial storyline be cut from Friends",‚ÄúHe was probably right! That would‚Äôve changed possibly the course of the show and his character.‚Äù,"NEWS.COM.AU
Matthew Perry demanded controversial storyline be cut from Friends",,2023-11-07 18:40:02,1699400402,,,,,,,,,,,,,,,,2,0,0,https://facebook.com/news.com.au/posts/759361192893859,,,100064599553095,,,False,,,,,,,True,[],[],https://www.facebook.com/news.com.au/posts/759361192893859,{'like': 2},2,,111416688885713,,False,2023-11-07 18:42:48.075919
1,759348716228440,"This is one way to steal the spotlight. üëÄ

NEWS.COM.AU
Model turns heads in see-through gown at CFDA Fashion Awards",This is one way to steal the spotlight. üëÄ,"NEWS.COM.AU
Model turns heads in see-through gown at CFDA Fashion Awards",,2023-11-07 18:20:01,1699399201,,,,,,,,,,,,,,,,3,7,0,https://facebook.com/news.com.au/posts/759348716228440,,,100064599553095,,,False,,,,,,,True,[],[],https://www.facebook.com/news.com.au/posts/759348716228440,"{'like': 3, 'haha': 2}",5,,111416688885713,,False,2023-11-07 18:42:49.924799
2,759338512896127,"COMMENT: The Melbourne Cup might be seen as a glamorous event, but there‚Äôs a ‚Äúferal‚Äù issue we need to discuss immediately. Full story: https://bit.ly/40vN1du","COMMENT: The Melbourne Cup might be seen as a glamorous event, but there‚Äôs a ‚Äúferal‚Äù issue we need to discuss immediately. Full story: https://bit.ly/40vN1du",,,2023-11-07 18:00:01,1699398001,,,,,,,,,,,,,,,,26,96,1,https://facebook.com/news.com.au/posts/759338512896127,,,100064599553095,,,False,,,,,,,True,[],[],https://www.facebook.com/news.com.au/posts/759338512896127,"{'like': 26, 'love': 1, 'haha': 31, 'wow': 2}",60,,111416688885713,,False,2023-11-07 18:42:51.741547
3,759332346230077,"Stargazers should enjoy Saturn‚Äôs rings while they last.

NEWS.COM.AU
Saturn‚Äôs rings will vanish in 2025: NASA",Stargazers should enjoy Saturn‚Äôs rings while they last.,"NEWS.COM.AU
Saturn‚Äôs rings will vanish in 2025: NASA",,2023-11-07 17:40:01,1699396801,,,,,,,,,,,,,,,,16,3,0,https://facebook.com/news.com.au/posts/759332346230077,,,100064599553095,,,False,,,,,,,True,[],[],https://www.facebook.com/news.com.au/posts/759332346230077,"{'like': 16, 'haha': 1}",17,,111416688885713,,False,2023-11-07 18:42:53.485614
4,759326902897288,"What an iconic Aussie collaboration!

NEWS.COM.AU
Brand new twist on the Aussie favourite Golden Gaytime",What an iconic Aussie collaboration!,"NEWS.COM.AU
Brand new twist on the Aussie favourite Golden Gaytime",,2023-11-07 17:20:02,1699395602,,,,,,,,,,,,,,,,13,2,0,https://facebook.com/news.com.au/posts/759326902897288,,,100064599553095,,,False,,,,,,,True,[],[],https://www.facebook.com/news.com.au/posts/759326902897288,{'like': 13},13,,111416688885713,,False,2023-11-07 18:42:55.171731
5,758817949614850,Only in #straya,Only in #straya,,,2023-11-07 17:00:17,1699394417,,,,,,,https://video-lga3-1.xx.fbcdn.net/v/t42.1790-2/369867647_208656095588944_1329565607577135870_n.mp4?_nc_cat=103&ccb=1-7&_nc_sid=55d0d3&efg=eyJ2ZW5jb2RlX3RhZyI6InN2ZV9zZCJ9&_nc_ohc=890txcnoT9wAX8ZJi8f&_nc_rml=0&_nc_ht=video-lga3-1.xx&oh=00_AfDycSza-NLxB7TonRAaQvFplmkTP8U4SNDXebQ2OvA_OA&oe=654ECB9C,,,873088554041022,,,https://scontent-lga3-2.xx.fbcdn.net/v/t15.5256-10/384540516_640300151633046_3343568070458342351_n.jpg?stp=cp0_dst-jpg_e15_p320x320_q65&_nc_cat=101&ccb=1-7&_nc_sid=f3b36a&efg=eyJpIjoidCJ9&_nc_ohc=_V2lQCMUaJUAX-6w0HD&_nc_ht=scontent-lga3-2.xx&oh=00_AfAAb5K9sqoMk8tYiYI4J_bc7hvxoo_pywtPrTRP1LNJeg&oe=654F7E80,,,17,6,2,https://facebook.com/news.com.au/posts/758817949614850,,,100064599553095,,,False,,,,,,,True,[],[],https://www.facebook.com/news.com.au/posts/758817949614850,"{'like': 17, 'love': 3, 'haha': 16, 'care': 1}",37,,111416688885713,,False,2023-11-07 18:42:59.813484
6,759317269564918,"JUST IN: Melbourne residents should expect major delays.

NEWS.COM.AU
Melbourne transport paralysed by Optus outage",JUST IN: Melbourne residents should expect major delays.,"NEWS.COM.AU
Melbourne transport paralysed by Optus outage",,2023-11-07 16:50:01,1699393801,,,,,,,,,,,,,,,,21,50,11,https://facebook.com/news.com.au/posts/759317269564918,,,100064599553095,,,False,,,,,,,True,[],[],https://www.facebook.com/news.com.au/posts/759317269564918,"{'like': 21, 'haha': 35, 'wow': 8, 'care': 1, 'sad': 1, 'angry': 1}",67,,111416688885713,,False,2023-11-07 18:43:01.459990
7,759314719565173,"It was all about releasing the hairy pins at Melbourne Cup this year.

NEWS.COM.AU
‚ÄòToo far‚Äô: Men revolt against new Melbourne Cup 2023 rule",It was all about releasing the hairy pins at Melbourne Cup this year.,"NEWS.COM.AU
‚ÄòToo far‚Äô: Men revolt against new Melbourne Cup 2023 rule",,2023-11-07 16:40:01,1699393201,,,,,,,,,,,,,,,,34,18,1,https://facebook.com/news.com.au/posts/759314719565173,,,100064599553095,,,False,,,,,,,True,[],[],https://www.facebook.com/news.com.au/posts/759314719565173,"{'like': 34, 'haha': 6, 'wow': 1}",41,,111416688885713,,False,2023-11-07 18:43:02.983388
8,759306959565949,"The driver of a white BMW has been interviewed by police in hospital following the fatal crash.

NEWS.COM.AU
Huge update after fatal pub beer garden crash in Daylesford",The driver of a white BMW has been interviewed by police in hospital following the fatal crash.,"NEWS.COM.AU
Huge update after fatal pub beer garden crash in Daylesford",,2023-11-07 16:20:02,1699392002,,,,,,,,,,,,,,,,14,14,1,https://facebook.com/news.com.au/posts/759306959565949,,,100064599553095,,,False,,,,,,,True,[],[],https://www.facebook.com/news.com.au/posts/759306959565949,"{'like': 14, 'love': 1, 'care': 7, 'sad': 31}",53,,111416688885713,,False,2023-11-07 18:43:05.039472
9,759290326234279,"‚ÄúAbsolute failure.‚Äù üò≥

NEWS.COM.AU
Uber surges, cafes shut as Optus outage nightmare impacts millions of Aussies",‚ÄúAbsolute failure.‚Äù üò≥,"NEWS.COM.AU
Uber surges, cafes shut as Optus outage nightmare impacts millions of Aussies",,2023-11-07 16:00:11,1699390811,,,,,,,,,,,,,,,,14,14,7,https://facebook.com/news.com.au/posts/759290326234279,,,100064599553095,,,False,,,,,,,True,[],[],https://www.facebook.com/news.com.au/posts/759290326234279,"{'like': 14, 'love': 1, 'haha': 3, 'wow': 1}",19,,111416688885713,,False,2023-11-07 18:43:06.443805
10,759280909568554,"‚ÄúBegged to get in here guys."" üëÄ Full story: https://bit.ly/3slM5vm","‚ÄúBegged to get in here guys."" üëÄ Full story: https://bit.ly/3slM5vm",,,2023-11-07 15:40:03,1699389603,,,,,,,,,,,,,,,,9,16,0,https://facebook.com/news.com.au/posts/759280909568554,,,100064599553095,,,False,,,,,,,True,[],[],https://www.facebook.com/news.com.au/posts/759280909568554,"{'like': 9, 'haha': 5}",14,,111416688885713,,False,2023-11-07 18:43:08.574788
11,759271152902863,"The Australian was not happy.

NEWS.COM.AU
David Warner in heated exchange with teammate in wild World Cup drama",The Australian was not happy.,"NEWS.COM.AU
David Warner in heated exchange with teammate in wild World Cup drama",,2023-11-07 15:20:02,1699388402,,,,,,,,,,,,,,,,72,21,0,https://facebook.com/news.com.au/posts/759271152902863,,,100064599553095,,,False,,,,,,,True,[],[],https://www.facebook.com/news.com.au/posts/759271152902863,"{'like': 72, 'love': 1, 'haha': 18}",91,,111416688885713,,False,2023-11-07 18:43:10.194531
12,758817266281585,Now this is what you call team work!,Now this is what you call team work!,,,2023-11-07 15:00:25,1699387225,,,,,,,https://video-lga3-2.xx.fbcdn.net/v/t42.1790-2/398267857_6691563980965202_7279571163654855970_n.mp4?_nc_cat=109&ccb=1-7&_nc_sid=55d0d3&efg=eyJ2ZW5jb2RlX3RhZyI6InN2ZV9zZCJ9&_nc_ohc=JankxVpx43UAX-orU6U&_nc_rml=0&_nc_ht=video-lga3-2.xx&oh=00_AfDLtVF2-U_3fH_mRS3SPHAD2TGt2qOnxl9-yQ1S6TN1Sg&oe=654F4C65,,,301395209433782,,,https://scontent-lga3-2.xx.fbcdn.net/v/t15.5256-10/367418806_324169403558663_1299212726704999415_n.jpg?stp=cp0_dst-jpg_e15_p320x320_q65&_nc_cat=101&ccb=1-7&_nc_sid=f3b36a&efg=eyJpIjoidCJ9&_nc_ohc=H108wAa_UvUAX8gxyNd&_nc_ht=scontent-lga3-2.xx&oh=00_AfCvLLmJUO31Q7sThjblLNNBd7PhswTsUwnUi1XIDEY2Sw&oe=65502073,,,9,4,1,https://facebook.com/news.com.au/posts/758817266281585,,,100064599553095,,,False,,,,,,,True,[],[],https://www.facebook.com/news.com.au/posts/758817266281585,"{'like': 9, 'love': 4, 'haha': 11}",24,,111416688885713,,False,2023-11-07 18:43:13.844217
13,759254166237895,"JUST IN

NEWS.COM.AU
Major Optus outage across Australia",JUST IN,"NEWS.COM.AU
Major Optus outage across Australia",,2023-11-07 14:55:37,1699386937,,,,,,,,,,,,,,,,6,20,12,https://facebook.com/news.com.au/posts/759254166237895,,,100064599553095,,,False,,,,,,,True,[],[],https://www.facebook.com/news.com.au/posts/759254166237895,"{'like': 6, 'haha': 4, 'wow': 2, 'angry': 3}",15,,111416688885713,,False,2023-11-07 18:43:15.537976
14,759241526239159,"Congratulations to the gorgeous couple.

NEWS.COM.AU
Channel 7‚Äôs Abbey Holmes wows in wedding to ex-AFL player Keegan Brooksby",Congratulations to the gorgeous couple.,"NEWS.COM.AU
Channel 7‚Äôs Abbey Holmes wows in wedding to ex-AFL player Keegan Brooksby",,2023-11-07 14:40:02,1699386002,,,,,,,,,,,,,,,,41,5,0,https://facebook.com/news.com.au/posts/759241526239159,,,100064599553095,,,False,,,,,,,True,[],[],https://www.facebook.com/news.com.au/posts/759241526239159,"{'like': 41, 'love': 4, 'haha': 3, 'wow': 1}",49,,111416688885713,,False,2023-11-07 18:43:17.133157
15,759230646240247,"It's the bet dreams are made of.

NEWS.COM.AU
Western Australian punter wins staggering amount from $2 Melbourne Cup bet",It's the bet dreams are made of.,"NEWS.COM.AU
Western Australian punter wins staggering amount from $2 Melbourne Cup bet",,2023-11-07 14:20:01,1699384801,,,,,,,,,,,,,,,,73,4,0,https://facebook.com/news.com.au/posts/759230646240247,,,100064599553095,,,False,,,,,,,True,[],[],https://www.facebook.com/news.com.au/posts/759230646240247,"{'like': 73, 'love': 8, 'angry': 1}",82,,111416688885713,,False,2023-11-07 18:43:18.680584
16,759220422907936,"A heartbroken husband has issued a horrifying warning.

NEWS.COM.AU
Aussie mum tragically dies after taking popular weight loss drug Ozempic",A heartbroken husband has issued a horrifying warning.,"NEWS.COM.AU
Aussie mum tragically dies after taking popular weight loss drug Ozempic",,2023-11-07 14:00:14,1699383614,,,,,,,,,,,,,,,,3,37,2,https://facebook.com/news.com.au/posts/759220422907936,,,100064599553095,,,False,,,,,,,True,[],[],https://www.facebook.com/news.com.au/posts/759220422907936,"{'like': 3, 'haha': 1, 'sad': 5}",9,,111416688885713,,False,2023-11-07 18:43:20.107035
17,759209216242390,"The reptile was found with its mouth taped in a sock inside a backpack.

NEWS.COM.AU
Attempt to smuggle Komodo dragon from Labuan Bajo to Bali in sock",The reptile was found with its mouth taped in a sock inside a backpack.,"NEWS.COM.AU
Attempt to smuggle Komodo dragon from Labuan Bajo to Bali in sock",,2023-11-07 13:40:01,1699382401,,,,,,,,,,,,,,,,2,4,1,https://facebook.com/news.com.au/posts/759209216242390,,,100064599553095,,,False,,,,,,,True,[],[],https://www.facebook.com/news.com.au/posts/759209216242390,"{'like': 2, 'haha': 2, 'angry': 6}",10,,111416688885713,,False,2023-11-07 18:43:21.366891
18,759193186243993,"Maxi, we forgive you for the golf cart.

NEWS.COM.AU
‚ÄòGreatest ODI innings ever‚Äô: Glenn Maxwell‚Äôs double century saves Aussies from 7/91","Maxi, we forgive you for the golf cart.","NEWS.COM.AU
‚ÄòGreatest ODI innings ever‚Äô: Glenn Maxwell‚Äôs double century saves Aussies from 7/91",,2023-11-07 13:13:50,1699380830,,,,,,,,,,,,,,,,678,111,30,https://facebook.com/news.com.au/posts/759193186243993,,,100064599553095,,,False,,,,,,,True,[],[],https://www.facebook.com/news.com.au/posts/759193186243993,"{'like': 678, 'love': 164, 'haha': 7, 'wow': 26, 'care': 3}",878,,111416688885713,,False,2023-11-07 18:43:24.191592
19,759185379578107,"Australia really let its hair down on Melbourne Cup Day.

NEWS.COM.AU
Melbourne Cup gets wild as Australia gets messy",Australia really let its hair down on Melbourne Cup Day.,"NEWS.COM.AU
Melbourne Cup gets wild as Australia gets messy",,2023-11-07 13:00:02,1699380002,,,,,,,,,,,,,,,,12,71,0,https://facebook.com/news.com.au/posts/759185379578107,,,100064599553095,,,False,,,,,,,True,[],[],https://www.facebook.com/news.com.au/posts/759185379578107,"{'like': 12, 'haha': 7, 'wow': 1, 'angry': 7}",27,,111416688885713,,False,2023-11-07 18:43:26.077099
20,759072742922704,"Fans are accusing her of yet another photoshop fail.

NEWS.COM.AU
Khloe Kardashian called out for bizarre Photoshop fail",Fans are accusing her of yet another photoshop fail.,"NEWS.COM.AU
Khloe Kardashian called out for bizarre Photoshop fail",,2023-11-07 10:00:07,1699369207,,,,,,,,,,,,,,,,12,8,0,https://facebook.com/news.com.au/posts/759072742922704,,,100064599553095,,,False,,,,,,,True,[],[],https://www.facebook.com/news.com.au/posts/759072742922704,"{'like': 12, 'haha': 5}",17,,111416688885713,,False,2023-11-07 18:43:28.391976
21,759059582924020,"‚ÄúIt can really scar and damage somebody. On a subconscious level, that comment never really left me.‚Äù

NEWS.COM.AU
Kate DeAraugo reveals truth behind Kyle Sandilands‚Äô infamous Australian Idol comment","‚ÄúIt can really scar and damage somebody. On a subconscious level, that comment never really left me.‚Äù","NEWS.COM.AU
Kate DeAraugo reveals truth behind Kyle Sandilands‚Äô infamous Australian Idol comment",,2023-11-07 09:40:01,1699368001,,,,,,,,,,,,,,,,47,54,1,https://facebook.com/news.com.au/posts/759059582924020,,,100064599553095,,,False,,,,,,,True,[],[],https://www.facebook.com/news.com.au/posts/759059582924020,"{'like': 47, 'love': 5, 'haha': 12, 'sad': 2}",66,,111416688885713,,False,2023-11-07 18:43:37.096396
22,759052099591435,"The hollywood star has reveals some shocking truths in her new tell-all memoir. üëÄ

NEWS.COM.AU
Barbra Streisand reveals actor‚Äôs X-rated confession",The hollywood star has reveals some shocking truths in her new tell-all memoir. üëÄ,"NEWS.COM.AU
Barbra Streisand reveals actor‚Äôs X-rated confession",,2023-11-07 09:20:02,1699366802,,,,,,,,,,,,,,,,14,6,0,https://facebook.com/news.com.au/posts/759052099591435,,,100064599553095,,,False,,,,,,,True,[],[],https://www.facebook.com/news.com.au/posts/759052099591435,"{'like': 14, 'love': 2, 'haha': 9}",25,,111416688885713,,False,2023-11-07 18:43:38.596592
23,759041619592483,"‚ÄúTimes have changed.‚Äù üò≤

NEWS.COM.AU
Big change coming to The Simpsons after 35 seasons",‚ÄúTimes have changed.‚Äù üò≤,"NEWS.COM.AU
Big change coming to The Simpsons after 35 seasons",,2023-11-07 09:00:02,1699365602,,,,,,,,,,,,,,,,41,98,9,https://facebook.com/news.com.au/posts/759041619592483,,,100064599553095,,,False,,,,,,,True,[],[],https://www.facebook.com/news.com.au/posts/759041619592483,"{'like': 41, 'love': 1, 'haha': 32, 'wow': 2, 'sad': 2, 'angry': 19}",97,,111416688885713,,False,2023-11-07 18:43:40.335416
24,759033396259972,"‚ÄúOh my heart bleeds."" ü§≠

NEWS.COM.AU
‚ÄòPrivileged‚Äô Sydney mum-of-three house rant backfires","‚ÄúOh my heart bleeds."" ü§≠","NEWS.COM.AU
‚ÄòPrivileged‚Äô Sydney mum-of-three house rant backfires",,2023-11-07 08:40:02,1699364402,,,,,,,,,,,,,,,,6,18,0,https://facebook.com/news.com.au/posts/759033396259972,,,100064599553095,,,False,,,,,,,True,[],[],https://www.facebook.com/news.com.au/posts/759033396259972,"{'like': 6, 'love': 1, 'haha': 7, 'care': 1}",15,,111416688885713,,False,2023-11-07 18:43:42.761835
25,759025312927447,"What a cutie! üòç

NEWS.COM.AU
Katy Perry and Orlando Bloom‚Äôs daughter, Daisy, steals the show in first public appearance",What a cutie! üòç,"NEWS.COM.AU
Katy Perry and Orlando Bloom‚Äôs daughter, Daisy, steals the show in first public appearance",,2023-11-07 08:20:02,1699363202,,,,,,,,,,,,,,,,76,9,0,https://facebook.com/news.com.au/posts/759025312927447,,,100064599553095,,,False,,,,,,,True,[],[],https://www.facebook.com/news.com.au/posts/759025312927447,"{'like': 76, 'love': 27, 'haha': 2, 'care': 1}",106,,111416688885713,,False,2023-11-07 18:43:44.144558
26,759016739594971,"A simple equation has exposed the grim reality facing millions of Aussies.

NEWS.COM.AU
One calculation has revealed the reason so many Aussies can‚Äôt buy a home",A simple equation has exposed the grim reality facing millions of Aussies.,"NEWS.COM.AU
One calculation has revealed the reason so many Aussies can‚Äôt buy a home",,2023-11-07 08:00:01,1699362001,,,,,,,,,,,,,,,,10,6,0,https://facebook.com/news.com.au/posts/759016739594971,,,100064599553095,,,False,,,,,,,True,[],[],https://www.facebook.com/news.com.au/posts/759016739594971,"{'like': 10, 'haha': 1}",11,,111416688885713,,False,2023-11-07 18:43:45.848227
27,759007946262517,"She looks stunning! üòç

NEWS.COM.AU
Margot Robbie mobbed by fans as she steps out in Perth",She looks stunning! üòç,"NEWS.COM.AU
Margot Robbie mobbed by fans as she steps out in Perth",,2023-11-07 07:40:02,1699360802,,,,,,,,,,,,,,,,40,3,0,https://facebook.com/news.com.au/posts/759007946262517,,,100064599553095,,,False,,,,,,,True,[],[],https://www.facebook.com/news.com.au/posts/759007946262517,"{'like': 40, 'love': 3, 'haha': 3, 'care': 2, 'angry': 1}",49,,111416688885713,,False,2023-11-07 18:43:52.656423
28,758999666263345,"‚ÄúMate, are you in Thor 2 The Movie?‚Äù

NEWS.COM.AU
Shannon Noll displays ripped sixpack amid body transformation","‚ÄúMate, are you in Thor 2 The Movie?‚Äù","NEWS.COM.AU
Shannon Noll displays ripped sixpack amid body transformation",,2023-11-07 07:20:02,1699359602,,,,,,,,,,,,,,,,18,14,0,https://facebook.com/news.com.au/posts/758999666263345,,,100064599553095,,,False,,,,,,,True,[],[],https://www.facebook.com/news.com.au/posts/758999666263345,"{'like': 18, 'haha': 8}",26,,111416688885713,,False,2023-11-07 18:43:54.133716
29,758991549597490,"The Project star Sarah Harris took a moment to apologise to Channel 10 bosses.

NEWS.COM.AU
The Project star apologies to Channel 10 over X-rated search",The Project star Sarah Harris took a moment to apologise to Channel 10 bosses.,"NEWS.COM.AU
The Project star apologies to Channel 10 over X-rated search",,2023-11-07 07:00:02,1699358402,,,,,,,,,,,,,,,,12,15,0,https://facebook.com/news.com.au/posts/758991549597490,,,100064599553095,,,False,,,,,,,True,[],[],https://www.facebook.com/news.com.au/posts/758991549597490,"{'like': 12, 'haha': 17, 'care': 1, 'angry': 1}",31,,111416688885713,,False,2023-11-07 18:43:56.495416
30,758984219598223,"‚ÄúWe wanted to get her one that would last forever - that's why we like investing in these bags,‚Äù mum Christi defends in the video.

KIDSPOT.COM.AU
I got my 4yo a Louis Vuitton bag - some say she‚Äòs a spoiled brat but it‚Äôs an investment","‚ÄúWe wanted to get her one that would last forever - that's why we like investing in these bags,‚Äù mum Christi defends in the video.","KIDSPOT.COM.AU
I got my 4yo a Louis Vuitton bag - some say she‚Äòs a spoiled brat but it‚Äôs an investment",,2023-11-07 06:40:02,1699357202,,,,,,,,,,,,,,,,42,136,2,https://facebook.com/news.com.au/posts/758984219598223,,,100064599553095,,,False,,,,,,,True,[],[],https://www.facebook.com/news.com.au/posts/758984219598223,"{'like': 42, 'love': 1, 'haha': 99, 'wow': 5, 'angry': 1}",148,,111416688885713,,False,2023-11-07 18:43:59.326751
